id,title,price,categoryId,color
1,Three Men and a Cradle (3 hommes et un couffin),886,28,Crimson
2,Kart Racer,870,72,Puce
3,Easy,397,45,Aquamarine
4,The Orkly Kid,32,100,Orange
5,"Phantom of the Opera, The",816,74,Blue
6,Run Silent Run Deep,607,3,Green
7,Swimming to Cambodia,53,25,Mauv
8,"Walk Softly, Stranger",967,17,Aquamarine
9,Bugs Bunny's Looney Christmas Tales,942,60,Teal
10,Love Steaks,974,84,Turquoise
11,I Hate Christian Laettner,608,39,Maroon
12,Kenji Mizoguchi: The Life of a Film Director (Aru eiga-kantoku no shogai),898,1,Goldenrod
13,Hot Tub Time Machine 2,880,16,Purple
14,DOA: Dead or Alive,261,7,Blue
15,The Burglar,441,22,Green
16,Day and Night (Le jour et la nuit),46,25,Maroon
17,"Coast Guard, The (Hae anseon)",179,57,Green
18,"See No Evil, Hear No Evil",865,25,Crimson
19,Dance Me Outside,577,21,Red
20,Raging Bull,230,17,Blue
21,Dillinger Is Dead (Dillinger è morto),586,56,Indigo
22,Ambush (Rukajärven tie),770,30,Blue
23,Extraction,962,3,Orange
24,"Eagle, The",117,36,Teal
25,"Change-Up, The",176,41,Yellow
26,Insanitarium,93,59,Goldenrod
27,Winterhawk,531,57,Maroon
28,"Fabulous Baker Boys, The",277,70,Orange
29,Avenger ,78,88,Crimson
30,Boccaccio '70,849,54,Yellow
31,Elephant White,707,76,Red
32,Miracles,632,16,Pink
33,Belle toujours,96,80,Purple
34,"Clockmaker of St. Paul, The (L'horloger de Saint-Paul)",613,31,Turquoise
35,Sunday,538,99,Red
36,The Red Inn,640,90,Pink
37,Mummies: Secrets of the Pharaohs (a.k.a. Mummies 3D),93,30,Red
38,Still Walking (Aruitemo aruitemo),411,46,Indigo
39,The 21 Carat Snatch,772,29,Red
40,"Far Off Place, A",984,87,Mauv
41,Something Like Happiness (Stestí),482,1,Fuscia
42,Elle: A Modern Cinderella Tale,394,97,Fuscia
43,Bulletproof Monk,149,25,Green
44,An Alligator Named Daisy,405,11,Violet
45,Cronos,253,24,Green
46,Say It Isn't So,776,94,Purple
47,Desperate Journey,717,75,Yellow
48,Kidnapping Mr. Heineken,526,90,Aquamarine
49,"Revenge of Frankenstein, The",771,100,Purple
50,Dr. Akagi (Kanzo sensei),937,85,Goldenrod
51,Daughters of Darkness (Les lèvres rouges),485,99,Turquoise
52,Summer of '62 (Cartouches gauloises),371,91,Indigo
53,Snowbeast,266,72,Violet
54,Attack of the Giant Leeches,550,18,Yellow
55,"Big Squeeze, The",635,9,Orange
56,Shanks,178,91,Orange
57,Back to School,843,93,Indigo
58,Kids in the Hall: Brain Candy,345,55,Blue
59,Blue Collar Comedy Tour: The Movie,947,59,Red
60,Colors,95,84,Yellow
61,Full Moon in Blue Water,344,56,Maroon
62,Sut (Milk),535,45,Orange
63,Delicacy (La délicatesse),801,61,Pink
64,Hello I Must Be Going,720,96,Maroon
65,Dancemaker,374,77,Mauv
66,Saved!,619,13,Teal
67,Entre nos (Between Us),401,69,Puce
68,Reach the Rock,781,34,Green
69,Who Pulled the Plug? (Göta kanal eller Vem drog ur proppen?),855,84,Yellow
70,Who's That Knocking at My Door?,602,43,Maroon
71,West Point,68,68,Green
72,Bring It On Again,181,27,Puce
73,Downhill Racer,466,89,Teal
74,"Home of Our Own, A",722,95,Puce
75,"Indian in the Cupboard, The",924,15,Crimson
76,13 Lakes,872,27,Violet
77,And You Thought Your Parents Were Weird,279,85,Red
78,"Eye Above the Well, The (Het oog boven de put)",280,39,Purple
79,Justin Bieber: Never Say Never,955,71,Turquoise
80,"Manson Family, The",59,28,Indigo
81,Not Safe for Work,755,73,Red
82,Amnèsia,691,35,Crimson
83,In the Bedroom,256,43,Maroon
84,And God Created Woman,182,27,Crimson
85,Sixteen Candles,935,24,Yellow
86,"Texas Chainsaw Massacre: The Beginning, The",526,60,Orange
87,Never Say... Never! (Il ne faut jurer... de rien!),91,81,Purple
88,Act Da Fool,487,23,Mauv
89,The Four Feathers,456,29,Fuscia
90,"Brief Vacation, A (breve vacanza, Una)",425,68,Yellow
91,Knick Knack,308,79,Turquoise
92,As Cool As I Am,720,26,Turquoise
93,Quest for a Heart (Röllin sydän),720,41,Blue
94,Today's Special,540,73,Violet
95,An Amazing Couple,706,63,Orange
96,Cashback,531,93,Puce
97,"Kiss Before Dying, A",360,71,Maroon
98,"Ghost Writer, The",572,54,Khaki
99,Dangerous Davies: The Last Detective,162,67,Blue
100,Kingdom Come,127,18,Crimson
101,Captain from Castile,421,43,Fuscia
102,Love and Honor,327,17,Maroon
103,"Foot Fist Way, The",540,7,Khaki
104,Mandingo,131,86,Maroon
105,Ever Since the World Ended,392,93,Turquoise
106,Sittin' on a Backyard Fence,935,38,Green
107,Beauty and the Beast: The Enchanted Christmas,756,67,Khaki
108,Ulzana's Raid,656,97,Orange
109,"Endless Summer 2, The",673,47,Orange
110,Equilibrium,178,98,Orange
111,Same Old Song (On connaît la chanson),809,34,Teal
112,Winged Creatures (Fragments),220,73,Teal
113,Middle Men,657,56,Crimson
114,Untamed Heart,690,33,Orange
115,Rude Awakening,929,17,Khaki
116,Unrest,55,94,Yellow
117,Snitch,521,6,Maroon
118,"Blue Bird, The",260,88,Mauv
119,Class Act,527,52,Orange
120,Ashes of Time (Dung che sai duk),790,40,Indigo
121,"Story of the Late Chrysanthemums, The (Zangiku monogatari)",786,30,Blue
122,Gui Si (Silk),76,84,Indigo
123,Anna,340,80,Violet
124,"Dangerous Woman, A",416,50,Mauv
125,Blood of Dracula,530,77,Indigo
126,"Suriyothai (a.k.a. Legend of Suriyothai, The)",796,99,Fuscia
127,"Heartbeat Detector (Question humaine, La)",700,24,Fuscia
128,London River,266,27,Khaki
129,Solaris,676,81,Yellow
130,Legal Deceit,131,14,Green
131,Dirty Movie,254,36,Orange
132,Impulse,710,87,Khaki
133,Carrie,948,81,Violet
134,Reconstruction,565,2,Crimson
135,Feast III: The Happy Finish,873,92,Violet
136,Blood on the Moon,841,50,Green
137,Daffy Duck's Quackbusters,485,1,Puce
138,Fast Food,652,83,Pink
139,Bloody Murder 2: Closing Camp,843,96,Khaki
140,"Scenesters, The",428,22,Goldenrod
141,Stavisky...,265,44,Maroon
142,Flodder,955,92,Maroon
143,"Blood of Heroes, The (Salute of the Jugger, The)",573,9,Crimson
144,"Woman Under the Influence, A",888,41,Red
145,Summer School,985,14,Puce
146,"Stranger, The (Straniero, Lo)",228,72,Khaki
147,Tito and Me (Tito i ja),57,63,Khaki
148,Macross Plus,525,87,Mauv
149,Tea and Sympathy,459,52,Red
150,After the Life,83,63,Crimson
151,Myra Breckinridge,883,94,Mauv
152,The Pee-Wee Herman Show on Broadway,555,94,Maroon
153,Yesterday,462,31,Aquamarine
154,Dolphin Tale,688,62,Pink
155,Sound of Noise,518,85,Orange
156,Wild Boys of the Road,121,56,Teal
157,Nine Ways to Approach Helsinki (Yhdeksän tapaa lähestyä Helsinkiä),953,74,Mauv
158,Pola X,531,90,Red
159,Snowblind,348,65,Goldenrod
160,"Haunted House 2, A",787,40,Goldenrod
161,Shadrach,174,14,Indigo
162,Daylight Robbery,748,96,Fuscia
163,Cavalcade,652,70,Mauv
164,The Gold Spinners,525,38,Mauv
165,Mr. Moto in Danger Island,136,43,Khaki
166,"Pirates of Penzance, The",774,13,Green
167,Under the Roofs of Paris (Sous les toits de Paris),700,21,Green
168,"Reluctant Astronaut, The",683,58,Aquamarine
169,A Patriotic Man,113,15,Orange
170,Edges of the Lord,467,2,Violet
171,Kill Your Darlings,613,15,Purple
172,"Calling, The",664,71,Goldenrod
173,Destination Moon,844,50,Goldenrod
174,"Profession of Arms, The (Il mestiere delle armi)",486,67,Red
175,"Bullfighter, The (Matador)",437,71,Khaki
176,Stage Beauty,387,22,Green
177,"Funeral, The",223,11,Orange
178,Head On,866,37,Yellow
179,Waterloo,270,84,Goldenrod
180,Evilenko,231,4,Purple
181,La guerre des tuques,329,23,Orange
182,Good Guys Wear Black,689,71,Turquoise
183,Bo Burnham: what.,665,54,Purple
184,Brooklyn Bridge,204,11,Purple
185,"Golden Christmas 3, A",626,34,Teal
186,"Ambushers, The",341,15,Puce
187,"Secret of Roan Inish, The",137,93,Indigo
188,Hannah Arendt,376,7,Khaki
189,"Crew, The",382,91,Goldenrod
190,Serendipity,398,55,Red
191,"Monkey in Winter, A (Un singe en hiver)",29,69,Orange
192,"Mouse on the Moon, The",435,67,Mauv
193,Meltdown: Days of Destruction,320,84,Puce
194,Colourful (Karafuru),410,36,Purple
195,Fifty Dead Men Walking,624,52,Purple
196,Jonestown: Paradise Lost,942,88,Puce
197,Nina Takes a Lover,109,77,Orange
198,Help!,63,11,Mauv
199,Freeloaders,346,97,Green
200,Three Stars,182,61,Aquamarine
201,Wedding Daze,576,81,Crimson
202,Which Way to the Front?,605,51,Mauv
203,Iron & Silk,40,19,Blue
204,Snake and Crane Arts of Shaolin (She hao ba bu),731,5,Violet
205,Charlie Chan's Murder Cruise,698,95,Yellow
206,"Forsaken, The",43,3,Indigo
207,K-911,466,88,Blue
208,"Park Is Mine, The",888,20,Khaki
209,Broken,404,69,Red
210,Kinbaku,521,71,Mauv
211,Jinxed!,382,35,Yellow
212,In the Line of Duty: The F.B.I. Murders,33,33,Crimson
213,Charlie St. Cloud,658,76,Khaki
214,"Robber, The (Der Räuber)",358,61,Green
215,"Average Little Man, An (Un borghese piccolo piccolo)",418,35,Orange
216,Escape Plan,502,9,Crimson
217,"Nightmare on Elm Street 3: Dream Warriors, A",782,83,Turquoise
218,"Rocks (Rad, Das)",98,85,Maroon
219,"Ron Clark Story, The",212,27,Orange
220,100 Years at the Movies,841,36,Teal
221,Rivers and Tides,731,45,Pink
222,Julie Johnson,807,11,Khaki
223,"Business of Being Born, The",185,5,Crimson
224,Nico and Dani (Krámpack),910,21,Blue
225,In Order of Disappearance (Kraftidioten),25,43,Maroon
226,"Souler Opposite, The",60,9,Red
227,Up in Smoke,17,97,Purple
228,Seven Pounds,506,62,Puce
229,Vlad Tepes (Vlad &#354;epe&#351;),715,79,Turquoise
230,Vanilla Sky,740,70,Purple
231,"Taming of the Shrew, The",223,92,Turquoise
232,Jacknife,68,92,Goldenrod
233,"Bow, The (Hwal)",80,74,Turquoise
234,Zero Effect,361,63,Goldenrod
235,My Last Five Girlfriends,674,84,Orange
236,Hombre,193,42,Red
237,Kevin Hart: I'm a Grown Little Man,674,11,Mauv
238,"Ugly American, The",413,34,Khaki
239,Executive Protection (Livvakterna),261,97,Teal
240,"Rumble in Hong Kong (Nu jing cha) (Heroine, The)",433,61,Pink
241,Sparrow (a.k.a. Cultured Bird) (Man jeuk),255,16,Pink
242,"Lost Embrace (Abrazo partido, El)",3,66,Mauv
243,Lilla Jönssonligan på styva linan,673,42,Maroon
244,Joe's Palace,650,82,Aquamarine
245,Weekend (a.k.a. Le Week-end) (Week End),682,50,Aquamarine
246,Ca$h,998,27,Red
247,Walkabout,94,62,Aquamarine
248,Catch Me If You Can,844,44,Red
249,"Legacy, The",21,50,Puce
250,Calendar,983,5,Green
251,Lost in Beijing (Ping guo),93,59,Purple
252,"Amish Murder, An",98,54,Violet
253,That Lady in Ermine,45,25,Violet
254,Rated X,622,97,Crimson
255,"What to Do in Case of Fire (Was tun, wenn's brennt?)",861,68,Yellow
256,Eight Days a Week,610,84,Fuscia
257,These Final Hours,740,52,Violet
258,"Baby-Sitters Club, The",64,96,Goldenrod
259,Yumeji,223,36,Maroon
260,I Remember (Eu Me Lembro),250,82,Maroon
261,Teddy Bear (Mis),512,64,Maroon
262,55 Days at Peking,311,61,Purple
263,Dante's Inferno: An Animated Epic,67,83,Orange
264,Murder on a Sunday Morning (Un coupable idéal),602,1,Khaki
265,"Guns of Fort Petticoat, The",330,81,Violet
266,"Good Men, Good Women (Hao nan hao nu)",559,41,Red
267,Fireproof,430,29,Mauv
268,In This Our Life,964,44,Puce
269,Ju Dou,69,81,Pink
270,Tom Horn,645,14,Indigo
271,Queen Sized,451,62,Goldenrod
272,Gravity (Schwerkraft),299,55,Indigo
273,The Wonders,812,25,Mauv
274,Smoke,559,46,Green
275,Burton and Taylor,891,18,Purple
276,Pump Up the Volume,183,57,Blue
277,"Tender Trap, The",979,54,Turquoise
278,Wild Strawberries (Smultronstället),174,61,Pink
279,"Three Caballeros, The",431,21,Aquamarine
280,Ghost Adventures,700,57,Teal
281,Standby,451,63,Teal
282,Dreamcatcher,323,93,Teal
283,"Conspirator, The",20,29,Red
284,Live from Baghdad,734,48,Indigo
285,The (Dead Mothers) Club,174,51,Green
286,"Hanging Garden, The",430,9,Violet
287,In Cold Blood,175,17,Puce
288,Lady Terminator (Pembalasan ratu pantai selatan),294,94,Teal
289,European Vacation (aka National Lampoon's European Vacation),214,11,Fuscia
290,Ladies vs. Ricky Bahl,392,75,Turquoise
291,Dark Island,389,47,Pink
292,R-Point (Arpointeu),308,76,Crimson
293,Love in Bloom,455,3,Green
294,Valerie,961,83,Crimson
295,Dementia 13,391,48,Mauv
296,Send Me No Flowers,43,38,Red
297,The Kiss of Her Flesh,434,77,Blue
298,Smitty,807,44,Fuscia
299,Inventing the Abbotts,874,64,Turquoise
300,Stuck,248,31,Blue
301,"Era of Vampires, The",301,1,Red
302,State Affairs (Une affaire d'état),442,45,Violet
303,"Haunted Castle, The (Hiroku kaibyô-den)",864,42,Goldenrod
304,Station West,148,26,Blue
305,"Big Steal, The",24,6,Red
306,Blue Collar,406,73,Green
307,Walking with Prehistoric Beasts,722,53,Violet
308,Outside Ozona,642,22,Green
309,Against the Dark,997,78,Orange
310,Virgin Territory,27,98,Green
311,Metropia,428,35,Blue
312,Going Hollywood,723,50,Green
313,"Verdict, The",316,53,Orange
314,"Newest Pledge, The",10,69,Turquoise
315,Hedda Gabler,724,59,Indigo
316,Adulthood,576,26,Teal
317,Paris,308,75,Pink
318,Tales of Manhattan,799,69,Violet
319,"Vodka, Mr. Palmu (Vodkaa, komisario Palmu)",659,33,Turquoise
320,Show Me Love (Fucking Åmål),800,56,Crimson
321,"Lower Depths, The (Les bas-fonds)",716,13,Green
322,Resident Evil: Extinction,996,25,Orange
323,Havana,263,17,Teal
324,Rock 'n' Roll Nightmare,795,29,Orange
325,Jönssonligan spelar högt,674,23,Turquoise
326,Stephen Tobolowsky's Birthday Party,428,76,Teal
327,"Monster Club, The",64,45,Red
328,"Little Princess, A",800,16,Orange
329,Russian Dolls (Les poupées russes),339,24,Blue
330,10 Rillington Place,704,6,Red
331,Act of Aggression,287,79,Green
332,Massacre at Central High,67,14,Green
333,Big Stan,521,66,Maroon
334,"Scar, The (Blizna)",65,39,Goldenrod
335,Norma Jean & Marilyn,54,24,Khaki
336,Scooby-Doo,946,67,Green
337,"Maltese Falcon, The (a.k.a. Dangerous Female)",156,23,Aquamarine
338,24 Hours on Craigslist,134,81,Purple
339,Conan the Barbarian,911,59,Crimson
340,"Short Film About Love, A (Krótki film o milosci)",887,84,Turquoise
341,American Promise,94,76,Yellow
342,"Other One, The",332,38,Puce
343,Boyz N the Hood,138,75,Turquoise
344,Julia and Julia (Giulia e Giulia),60,89,Orange
345,Achilles and the Tortoise (Akiresu to kame),42,11,Yellow
346,Panic Room,580,99,Turquoise
347,Love Is News,342,13,Teal
348,Attack Force,395,98,Maroon
349,September,144,30,Maroon
350,"Hangover Part III, The",635,49,Puce
351,Angel Dog,697,80,Aquamarine
352,"Goodbye, 20th Century",10,97,Violet
353,Wrong Is Right (a.k.a. The Man With the Deadly Lens),176,65,Yellow
354,Dragon Ball GT: A Hero's Legacy (Doragon bôru GT: Gokû gaiden! Yûki no akashi wa sû-shin-chû),163,42,Green
355,"Sting, The",574,88,Purple
356,Hounddog,640,74,Orange
357,"Gatekeepers, The",868,54,Goldenrod
358,Bachelor in Paradise,178,17,Orange
359,American Swing,186,18,Mauv
360,Downeast,20,34,Maroon
361,Myn Bala: Warriors of the Steppe,729,96,Aquamarine
362,Honeymoons,155,91,Purple
363,Miranda,445,32,Fuscia
364,Fear of a Black Hat,57,61,Indigo
365,"Perfect Murder, A",410,56,Turquoise
366,The Connection,688,32,Aquamarine
367,Ménilmontant,461,18,Teal
368,Red Heat,166,63,Red
369,Conman (Du Xia 1999),640,88,Turquoise
370,Spend It All,229,81,Maroon
371,Bully,568,19,Aquamarine
372,"Basketball Diaries, The",699,48,Orange
373,Happy Feet,221,43,Blue
374,"Incredible Mr. Limpet, The",977,65,Violet
375,Baarìa,164,49,Purple
376,And Starring Pancho Villa as Himself,801,68,Maroon
377,"Bone Collector, The",980,9,Purple
378,Temptation of a Monk (You Seng),37,62,Teal
379,"Golden Bowl, The",816,89,Turquoise
380,Switch,580,38,Khaki
381,"Bohemian Life, The (La vie de bohème)",454,67,Puce
382,Cell Count,57,64,Purple
383,Molly Maxwell,312,12,Puce
384,Killer Legends,644,25,Indigo
385,Matinee,712,29,Orange
386,Steamboat Round the Bend,733,92,Maroon
387,Sleepover,924,9,Crimson
388,Secret Window,816,35,Mauv
389,Quitting (Zuotian),237,84,Puce
390,Dry Summer (Susuz yaz) (Reflections),995,95,Yellow
391,Ernest Goes to Jail,262,35,Teal
392,Vizontele,479,83,Orange
393,Humoresque,540,4,Fuscia
394,"Icicle Thief, The (Ladri di saponette)",780,65,Maroon
395,Teen Beach Movie,571,99,Pink
396,Tillie's Punctured Romance,677,82,Indigo
397,Shining Through,644,85,Aquamarine
398,Ingrid,185,70,Crimson
399,Justice League: Doom ,891,10,Teal
400,15,203,71,Crimson
401,"Time to Live, a Time to Die, A (Tong nien wang shi)",609,22,Green
402,"Big Hangover, The",308,34,Aquamarine
403,"Desperados, The",865,16,Goldenrod
404,Forbidden Fruit (Kielletty hedelmä),325,47,Blue
405,"Boys in Company C, The",448,29,Pink
406,Che: Part Two,915,7,Goldenrod
407,All the Light in the Sky,540,7,Maroon
408,Pushover,231,71,Green
409,That Evening Sun,81,35,Fuscia
410,Sky West and Crooked (Gypsy Girl),957,76,Blue
411,Ice Age: A Mammoth Christmas,453,38,Blue
412,Hair,885,22,Yellow
413,Wyvern,575,32,Fuscia
414,"War on Democracy, The",908,28,Violet
415,Summer Catch,209,26,Puce
416,Groundhog Day,696,1,Teal
417,C.S.A.: The Confederate States of America,117,57,Teal
418,Scenic Route,743,92,Pink
419,Blank Check,554,90,Puce
420,Moog,415,12,Pink
421,Roots,163,66,Teal
422,Porgy and Bess,542,96,Blue
423,Mr. Moto Takes a Chance,622,87,Aquamarine
424,Los Flamencos,190,87,Turquoise
425,The Italian Connection,96,20,Yellow
426,Hidden Agenda,447,15,Indigo
427,Widows' Peak,884,41,Maroon
428,"Secret Life of Girls, The",307,39,Goldenrod
429,Boris and Natasha,657,82,Maroon
430,Listy do M.,393,91,Teal
431,Raising Arizona,956,85,Blue
432,Hackers,668,65,Blue
433,Phantoms,738,86,Mauv
434,Wild Tales,377,100,Turquoise
435,Unbroken,400,80,Teal
436,Tension,47,4,Goldenrod
437,"Gospel According to St. Matthew, The (Vangelo secondo Matteo, Il)",565,47,Purple
438,Wayne's World,554,28,Red
439,Janie Jones,49,11,Mauv
440,"Dorado, El",239,68,Turquoise
441,Bananas!*,943,92,Yellow
442,"Woman of Affairs, A",854,73,Green
443,"Temptress, The",936,99,Yellow
444,Bedknobs and Broomsticks,74,46,Violet
445,Leave Her to Heaven,37,35,Crimson
446,"Luna, La",928,85,Turquoise
447,American Swing,277,84,Indigo
448,Aladdin,4,58,Crimson
449,For Keeps,981,25,Maroon
450,End of Watch,336,100,Blue
451,Still Life (Sanxia haoren),559,91,Aquamarine
452,When Will I Be Loved,885,1,Teal
453,Schooled: The Price of College Sports ,888,34,Khaki
454,The Uncommon Making of Petulia,748,69,Purple
455,White Wedding (Noce blanche),450,92,Pink
456,"Apple, The",189,26,Yellow
457,Alexander's Ragtime Band,631,29,Maroon
458,"Love God?, The",991,31,Khaki
459,Hedwig and the Angry Inch,667,9,Green
460,Manhattan,395,13,Puce
461,Talk to Her (Hable con Ella),197,37,Crimson
462,Bullets or Ballots,263,95,Pink
463,Interstella 5555: The 5tory of the 5ecret 5tar 5ystem,836,3,Turquoise
464,Fruitvale Station,89,19,Violet
465,Starship Invasions,489,58,Aquamarine
466,Mr Bones 2: Back from the Past,682,68,Goldenrod
467,The Four Feathers,905,36,Red
468,May Fools (Milou en mai),17,76,Indigo
469,"Little Trip to Heaven, A",416,99,Pink
470,Wetlands (Feuchtgebiete),496,18,Puce
471,Georg,951,79,Violet
472,In the Fog (V tumane),451,100,Orange
473,Only Daughter,916,71,Purple
474,Harry Brown,629,43,Green
475,Thieves' Highway,2,71,Green
476,My Week with Marilyn,341,24,Violet
477,Chain Reaction,868,84,Maroon
478,Pi,346,74,Orange
479,Joyride,823,28,Puce
480,"Moine, Le (Monk, The)",433,2,Fuscia
481,Daniel,443,18,Fuscia
482,YellowBrickRoad,744,22,Blue
483,My Left Eye Sees Ghosts (Ngo joh aan gin diy gwai),621,58,Orange
484,Power and Terror: Noam Chomsky in Our Times,899,13,Maroon
485,"Goalie's Anxiety at the Penalty Kick, The (Die Angst des Tormanns beim Elfmeter)",887,6,Purple
486,Tideland,290,49,Red
487,Young at Heart,95,12,Fuscia
488,Casualties of War,789,100,Teal
489,"Thirteenth Floor, The",65,27,Purple
490,Mickey One,175,11,Teal
491,Jack Ryan: Shadow Recruit,489,12,Red
492,Chisum,555,94,Crimson
493,Stormheart,977,80,Green
494,Murder at the Gallop,173,86,Turquoise
495,"Deal, The",168,36,Green
496,Disorganized Crime,244,51,Orange
497,"Fine, Totally Fine (Zenzen Daijobu)",539,13,Indigo
498,"RKO Production 601: The Making of 'Kong, the Eighth Wonder of the World'",382,83,Puce
499,"Talk of the Town, The",563,65,Maroon
500,Femme Fatale,166,83,Mauv
501,Reunion in France,183,39,Indigo
502,Birds of America,243,4,Khaki
503,Sade,843,41,Crimson
504,Fortress,275,2,Teal
505,The Fat Albert Halloween Special,953,94,Aquamarine
506,"Fast, Cheap & Out of Control",509,22,Red
507,"Doctor, The",77,55,Orange
508,"Bothersome Man, The (Brysomme mannen, Den)",737,33,Turquoise
509,Crazy on the Outside,763,86,Mauv
510,Mei and the Kittenbus,106,3,Crimson
511,"Ant Bully, The",695,59,Red
512,Rafa,30,56,Crimson
513,Hey Arnold! The Movie,587,48,Crimson
514,"January Man, The",523,63,Teal
515,"Mummy, The",235,14,Fuscia
516,Fatal Beauty,718,49,Violet
517,Mr. Turner,621,63,Mauv
518,"Bohemian Life, The (La vie de bohème)",877,32,Aquamarine
519,Stars,76,15,Yellow
520,Phoenix,551,17,Violet
521,Laurel Canyon,790,54,Green
522,Under the Roofs of Paris (Sous les toits de Paris),932,99,Indigo
523,Hope and Glory,740,20,Teal
524,"Kuroneko (Black Cat from the Grove, The) (Yabu no naka no kuroneko)",574,86,Teal
525,Blindness,765,86,Teal
526,Return to the Blue Lagoon,647,67,Green
527,One Direction: This Is Us,165,20,Crimson
528,Exit,515,30,Orange
529,Dave,169,74,Red
530,A Spell to Ward Off the Darkness,884,23,Indigo
531,Stuck Between Stations,741,58,Pink
532,How They Get There,934,5,Crimson
533,"Sun Also Rises, The (Tai yang zhao chang sheng qi)",944,69,Blue
534,"Wild Blue Yonder, The",972,50,Mauv
535,Detention of the Dead,875,72,Pink
536,"Auntie from Chicago, The (I theia apo to Chicago)",195,21,Fuscia
537,Million Dollar Mystery,379,33,Orange
538,Jeremy,482,48,Orange
539,"Devil Rides Out, The",410,90,Violet
540,"Dogwalker, The",554,100,Aquamarine
541,Thunderpants,589,72,Violet
542,Moll Flanders,358,85,Goldenrod
543,Johnny English Reborn,670,11,Yellow
544,"Deep End, The",295,44,Indigo
545,"Tingler, The",109,92,Orange
546,Lucia,709,73,Khaki
547,Immensee,457,73,Puce
548,"Blue Angel, The",284,46,Red
549,Getting Back to Abnormal,829,39,Fuscia
550,Yella,857,91,Crimson
551,The Garden of Sinners - Chapter 5: Paradox Paradigm,626,81,Yellow
552,"Buffalo Bill and the Indians, or Sitting Bull's History Lesson (a.k.a. Buffalo Bill and the Indians)",363,19,Orange
553,"¡Alambrista! (Illegal, The)",685,16,Puce
554,"Terminal Man, The",329,22,Violet
555,Beyond the Law (Beyond the Law - Blue),998,58,Puce
556,Curse of the Oily Man (Sumpah orang minyak) ,13,30,Indigo
557,Beginners,764,60,Green
558,"Christmas Carol, A",45,1,Crimson
559,Now You Know,524,63,Yellow
560,Thirteen Conversations About One Thing (a.k.a. 13 Conversations),288,95,Green
561,Babymother,415,41,Fuscia
562,Fluke,248,87,Violet
563,"Deep, The",172,77,Aquamarine
564,"Day Without a Mexican, A",18,80,Teal
565,'R Xmas,706,30,Violet
566,100 Men and a Girl (One Hundred Men and a Girl),160,1,Teal
567,Werner - Gekotzt wird später,982,28,Indigo
568,"Pirate, The",777,76,Crimson
569,When the Wind Blows,332,67,Purple
570,Valley Girl,563,59,Purple
571,Kill a Rat,899,63,Violet
572,Territories ,369,100,Orange
573,Shaolin Temple 3: Martial Arts of Shaolin (Nan bei Shao Lin) (Martial Arts of Shaolin),66,75,Puce
574,Dark Touch,18,14,Blue
575,"Blood, Guts, Bullets and Octane",790,9,Pink
576,Friday After Next,634,6,Aquamarine
577,Barefoot in the Park,33,33,Turquoise
578,Too Many Girls,214,22,Violet
579,Sesame Street Presents Follow That Bird,304,79,Red
580,Generation War,433,68,Violet
581,Red Riding: 1980,533,31,Turquoise
582,"Pompatus of Love, The",15,15,Yellow
583,Taxi,653,27,Mauv
584,Chaos,884,28,Crimson
585,Dirty Ho (Lan tou He),285,28,Mauv
586,Lilith,550,37,Red
587,The Fox & the Child,490,92,Teal
588,Ghoulies II,479,5,Red
589,Colourful (Karafuru),496,62,Fuscia
590,Living Will...,529,29,Teal
591,Blood and Bones (Chi to hone),592,92,Khaki
592,Commandments,478,72,Purple
593,As Far As My Feet Will Carry Me (So weit die Füße tragen),92,17,Indigo
594,"Blues Brothers, The",393,32,Violet
595,M. Butterfly,573,8,Indigo
596,Mistaken for Strangers,497,27,Teal
597,Dr. Jekyll and Ms. Hyde,85,86,Khaki
598,"Barbary Coast Gent (Gold Town) (Honest Thief, The)",964,31,Violet
599,David Cross: Let America Laugh,843,15,Yellow
600,Johnny English Reborn,644,12,Yellow
601,Scattered Clouds (Midaregumo),155,58,Maroon
602,"Case for Christ, The",819,87,Khaki
603,Djomeh,701,85,Violet
604,"Affair of the Heart, An",972,88,Maroon
605,RiP: A Remix Manifesto,345,8,Indigo
606,Teacher's Pet,20,81,Blue
607,Dirty Dingus Magee,714,18,Crimson
608,Public Housing,939,83,Khaki
609,True Confession,832,70,Red
610,Children of Men,991,97,Khaki
611,Chuck & Buck,949,45,Purple
612,Death of a Dynasty,561,53,Teal
613,"Slight Case of Murder, A",100,89,Turquoise
614,Blackjack,700,9,Violet
615,Notes on a Scandal,132,88,Red
616,Dragonworld,618,39,Orange
617,Punishment Park,484,67,Red
618,Extreme Prejudice,855,57,Aquamarine
619,Prince of Jutland (a.k.a. Royal Deceit),228,83,Khaki
620,Amore (L'Amore),746,21,Teal
621,Trading Places,557,34,Green
622,"Ax, The (couperet, Le)",872,18,Violet
623,How Hitler Lost the War,475,13,Turquoise
624,"Secret of the Grain, The (La graine et le mulet)",755,65,Khaki
625,Nasty Old People,95,46,Crimson
626,Auto Focus,997,87,Pink
627,Siberian Education (Educazione siberiana),955,51,Turquoise
628,Afterglow,626,83,Pink
629,I Love You to Death,529,19,Yellow
630,Monsters University,425,61,Blue
631,Trinity: Gambling for High Stakes (Odds and Evens) (Pari e dispari),416,46,Violet
632,"Spitfire Grill, The",425,21,Blue
633,Garden Party,497,31,Purple
634,Garden Party,538,4,Pink
635,Year of the Dragon,954,44,Violet
636,After the Fox (Caccia alla volpe),155,3,Orange
637,Little Hamlet,51,80,Turquoise
638,"Piano Tuner of Earthquakes, The",26,94,Mauv
639,Freezer,387,41,Yellow
640,Return of the Killer Tomatoes!,134,42,Indigo
641,Safe House,940,23,Pink
642,"Sea Hawk, The",958,41,Red
643,Hannah Arendt,590,37,Violet
644,Santa's Slay,63,43,Maroon
645,Everlasting Moments (Maria Larssons eviga ögonblick),639,19,Khaki
646,Wyvern,928,85,Red
647,Ring of Bright Water,684,13,Blue
648,Strawberries in the Supermarket (Jagoda u supermarketu) ,779,19,Maroon
649,A Bright Shining Lie,585,73,Pink
650,Two Rabbits (2 Coelhos),397,2,Aquamarine
651,"Pianist, The",396,39,Yellow
652,Benji the Hunted,462,98,Mauv
653,"Householder, The (Gharbar)",731,78,Orange
654,Zero Effect,128,66,Maroon
655,"Wizard of Oz, The",556,62,Red
656,"Interpreter, The",792,11,Turquoise
657,Malèna,37,36,Goldenrod
658,Killer Elite,481,68,Red
659,eXistenZ,608,82,Green
660,Forrest Gump,665,76,Teal
661,"Elementary Particles, The (Elementarteilchen)",760,45,Khaki
662,Suddenly (Tan de Repente),386,23,Mauv
663,Supporting Characters,12,18,Fuscia
664,Leprechaun 4: In Space,9,97,Teal
665,Wisconsin Death Trip,430,54,Puce
666,Brother 2 (Brat 2),563,81,Purple
667,Wild Tigers I Have Known,726,59,Turquoise
668,Balkan Spy (Balkanski spijun),812,48,Crimson
669,Millennium Mambo (Qian xi man po),666,27,Fuscia
670,Puddle Cruiser,315,84,Teal
671,The Great Kidnapping,200,7,Blue
672,Freaky Friday,892,53,Orange
673,Miracle at St. Anna,69,27,Pink
674,Model Shop,419,43,Teal
675,Citizen X,276,41,Orange
676,Caught,145,51,Maroon
677,Trances,679,85,Fuscia
678,"Skeleton Twins, The",892,19,Blue
679,Ring of Darkness,924,44,Maroon
680,The Land Unknown,849,17,Blue
681,Just Write,337,100,Violet
682,Master of the House (Du skal ære din hustru) (Thou Shalt Honour Thy Wife),114,61,Teal
683,Private Confessions,55,8,Purple
684,"Deal, The",553,8,Green
685,Live-In Maid (Cama adentro),560,41,Purple
686,A Cinderella Story: Once Upon a Song,182,64,Mauv
687,Somewhere in Palilula (Undeva la Palilula),42,79,Fuscia
688,Anchors Aweigh,957,56,Orange
689,Fear and Trembling (Stupeur et tremblements),771,39,Maroon
690,Mais qui a tué Pamela Rose?,467,85,Maroon
691,What Alice Found,173,88,Aquamarine
692,"Mother Dao, the Turtlelike (Moeder Dao, de schildpadgelijkende)",17,97,Maroon
693,Twin Falls Idaho,698,8,Purple
694,Wild Card,87,26,Mauv
695,Love in Bloom,76,32,Orange
696,Marat/Sade,847,59,Orange
697,"Last Starfighter, The",181,65,Khaki
698,Gridlock'd,603,56,Teal
699,"Rack, The",195,67,Aquamarine
700,Love Happens,735,47,Teal
701,Honeysuckle Rose (a.k.a. On the Road Again),324,60,Blue
702,Twelve O'Clock High,145,59,Orange
703,"Witches of Eastwick, The",338,10,Yellow
704,Shock,279,11,Khaki
705,Kingsman: The Secret Service,858,13,Indigo
706,"Terrible Kids (Enfants terribles, Les) (Strange Ones, The)",77,41,Teal
707,"Secret Six, The",669,45,Violet
708,The Frame,221,69,Violet
709,Dad Savage,334,64,Turquoise
710,Hyenas (Hyènes),101,94,Violet
711,Hits,606,40,Yellow
712,Shock,364,74,Green
713,Blue Car,735,70,Purple
714,Return from Witch Mountain,137,2,Violet
715,"Twelve Tasks of Asterix, The (Les douze travaux d'Astérix)",693,47,Violet
716,Everything Relative,28,55,Puce
717,"Wolf Man, The",671,100,Aquamarine
718,Accepted,379,48,Khaki
719,Seance (Kôrei),952,43,Fuscia
720,Dragonslayer,955,60,Purple
721,Dead Man's Walk,230,2,Fuscia
722,Ishaqzaade,56,60,Purple
723,Heist,600,33,Goldenrod
724,Ouch (Aïe),249,56,Goldenrod
725,Still Mine,829,19,Purple
726,Airport 1975,34,63,Aquamarine
727,Angus,797,71,Green
728,Swamp Thing,170,3,Khaki
729,Nenette and Boni (Nénette et Boni),590,26,Goldenrod
730,G@me,500,22,Maroon
731,Single White Female,815,39,Goldenrod
732,Hotel Rwanda,24,39,Red
733,In Harm's Way,116,75,Pink
734,Senseless,109,99,Goldenrod
735,Collision Earth,671,50,Red
736,Old Yeller,611,76,Goldenrod
737,Patton,585,61,Crimson
738,Serenity,619,92,Aquamarine
739,The Man Who Shook the Hand of Vicente Fernandez,381,47,Pink
740,"Buy the Ticket, Take the Ride: Hunter S. Thompson on Film",227,88,Maroon
741,Direct Contact,54,69,Orange
742,AM1200,611,15,Red
743,Frogs,971,69,Teal
744,"Silent Night, Bloody Night",365,6,Crimson
745,Bran Nue Dae,957,18,Blue
746,Outside the Law,773,39,Blue
747,"Haunted World of Edward D. Wood Jr., The",29,69,Yellow
748,Winter of Frozen Dreams,203,67,Puce
749,Goya in Bordeaux (Goya en Burdeos),529,62,Teal
750,"Paris, I Love You (Paris, je t'aime)",394,41,Teal
751,"Huey P. Newton Story, A",731,83,Purple
752,Meantime,582,9,Fuscia
753,"Lovers, The (Les Amants)",526,83,Crimson
754,"Other Man, The",230,53,Orange
755,"Black Box, The (La boîte noire)",574,67,Mauv
756,Incident at Loch Ness,169,23,Crimson
757,Strange Behavior,644,20,Goldenrod
758,Mostly Martha (Bella Martha),942,63,Blue
759,"Painted Veil, The",368,36,Violet
760,American Heist,406,57,Violet
761,Appointment with Danger,654,14,Teal
762,Borat: Cultural Learnings of America for Make Benefit Glorious Nation of Kazakhstan,191,90,Violet
763,Red Heat,158,75,Purple
764,"Clairvoyant, The",639,9,Khaki
765,When We Leave (Die Fremde),959,60,Purple
766,OKA!,179,85,Aquamarine
767,Before I Self Destruct,31,8,Red
768,"Wedding, A",336,21,Indigo
769,Crossing Over,290,39,Orange
770,"Boy, Did I Get a Wrong Number!",817,29,Blue
771,Pokemon: The Movie 2000,871,63,Mauv
772,"Murderous Maids (Blessures assassines, Les)",685,92,Green
773,Ordinary Decent Criminal,89,19,Maroon
774,"Stratton Story, The",639,76,Green
775,Tomorrow Night,715,69,Red
776,Above Us Only Sky,981,58,Violet
777,"Blue Lagoon, The",466,64,Mauv
778,Charlie Chan in City in Darkness,124,4,Maroon
779,"Night to Remember, A",905,51,Fuscia
780,Love Object,70,34,Khaki
781,"Whole Nine Yards, The",628,95,Goldenrod
782,Berserk: The Golden Age Arc 3 - Descent,435,79,Turquoise
783,Stuck ,238,47,Indigo
784,Samoure,280,15,Crimson
785,Autumn Sonata (Höstsonaten),587,78,Green
786,"Charlie, the Lonesome Cougar",775,26,Blue
787,Uncle Nino,116,65,Green
788,Lifeforce,224,66,Purple
789,Salesman,483,26,Indigo
790,Life On A String (Bian chang Bian Zou),438,92,Blue
791,"Man Who Laughs, The",148,85,Crimson
792,Linewatch,941,70,Turquoise
793,"Punk Syndrome, The (Kovasikajuttu)",476,79,Puce
794,Masked & Anonymous,258,34,Violet
795,Fast Lane,895,75,Indigo
796,Our Hospitality,522,39,Purple
797,Nim's Island,768,59,Aquamarine
798,"Hole, The",1000,1,Purple
799,They Bite,667,97,Green
800,Grand Canyon,216,47,Red
801,American Vagabond,5,2,Yellow
802,Viva Las Vegas,337,4,Mauv
803,Intruders,529,53,Pink
804,Dance with Me,851,21,Maroon
805,Headshot,446,74,Indigo
806,"Remains of the Day, The",938,18,Maroon
807,"Damsel in Distress, A",433,34,Pink
808,Bert - Den siste oskulden,722,94,Red
809,Hands Off the Loot (Touchez pas au grisbi),499,91,Yellow
810,Life as We Know It,716,60,Teal
811,Abbott and Costello Go to Mars,899,81,Pink
812,Isabelle au bois dormant,83,20,Yellow
813,Silent Witness (Do Not Disturb),861,77,Orange
814,Rock 'N' Roll High School,740,43,Mauv
815,"Masseurs and a Woman, The (Anma to onna)",81,46,Red
816,Way Down East,559,79,Goldenrod
817,"Russell Peters: Red, White and Brown",422,49,Puce
818,Indochine,940,7,Turquoise
819,Larks on a String (Skrivánci na niti),565,1,Green
820,Emil i Lönneberga,444,6,Purple
821,"Maxed Out: Hard Times, Easy Credit and the Era of Predatory Lenders",277,96,Green
822,Joan of Arc,600,35,Fuscia
823,Manhattan Melodrama,747,53,Aquamarine
824,True Blue ,709,54,Yellow
825,Everybody's Got Somebody... Not Me,827,97,Orange
826,Welcome to Macintosh,323,63,Crimson
827,Hidden Agenda,139,28,Yellow
828,"Poseidon Adventure, The ",467,73,Maroon
829,Diên Biên Phú,707,16,Red
830,Bird People,216,99,Blue
831,Life as a House,710,15,Green
832,"Three Stooges, The",757,27,Red
833,Quid Pro Quo,258,16,Fuscia
834,Aileen: Life and Death of a Serial Killer,500,16,Yellow
835,"Evening with Kevin Smith, An",487,96,Yellow
836,Crime Zone,821,91,Khaki
837,All in a Night's Work,110,98,Goldenrod
838,I Was a Teenage Zombie,954,96,Aquamarine
839,Gator,391,7,Purple
840,Godzilla: Tokyo S.O.S. (Gojira tai Mosura tai Mekagojira: Tôkyô S.O.S.),497,14,Green
841,Bohemian Eyes (Boheemi elää - Matti Pellonpää),255,88,Blue
842,Metro,979,88,Yellow
843,Summer Interlude (Sommarlek),76,85,Aquamarine
844,Bus Stop,70,17,Mauv
845,"Proposition, The",727,20,Crimson
846,Middle of Nowhere,479,10,Orange
847,Lost in Space,451,33,Pink
848,Step Up All In,89,38,Mauv
849,War Dance,583,2,Fuscia
850,How to Train Your Dragon,966,34,Pink
851,Russian Roulette,90,44,Orange
852,Teddy Bear (Mis),688,50,Crimson
853,Father Sergius (Otets Sergiy),676,24,Crimson
854,Dancing Lady,145,82,Orange
855,Skinwalkers,236,35,Indigo
856,"Letter, The",802,62,Goldenrod
857,Moonrise Kingdom,380,78,Green
858,Labyrinth,118,72,Teal
859,"Witnesses, The (Les témoins)",42,95,Crimson
860,Week-End in Havana,795,41,Crimson
861,My Cousin Vinny,303,40,Indigo
862,"Fat, Sick & Nearly Dead",586,80,Violet
863,Orange County,60,71,Teal
864,Don Verdean,708,47,Maroon
865,Lambada,600,57,Khaki
866,Demon Seed,999,56,Aquamarine
867,"House with Laughing Windows, The (Casa dalle finestre che ridono, La)",662,69,Mauv
868,"Beyond, The (E tu vivrai nel terrore - L'aldilà)",152,3,Orange
869,"Year of Living Dangerously, The",251,3,Yellow
870,I Heart Monster Movies,397,13,Teal
871,"Pawnbroker, The",712,57,Maroon
872,"Color Wheel, The",533,79,Pink
873,Emma,808,95,Aquamarine
874,Farah Goes Bang,362,53,Teal
875,"Young Törless, The (Junge Törless, Der)",840,22,Blue
876,Boot Camp,436,83,Violet
877,Color of Night,834,26,Crimson
878,Short Eyes,453,64,Yellow
879,Vanya on 42nd Street,194,94,Blue
880,Night of the Living Dead 3D,487,55,Aquamarine
881,Conman (Du Xia 1999),781,55,Blue
882,Cowspiracy: The Sustainability Secret,491,9,Fuscia
883,Terms of Endearment,381,77,Goldenrod
884,"Friend Among Strangers, Stranger Among Friends (Svoy sredi chuzhikh, chuzhoy sredi svoikh)",957,18,Khaki
885,North & South,215,43,Crimson
886,Don,308,57,Green
887,"Fearless Vampire Killers, The",745,32,Teal
888,Chasing Liberty,871,53,Crimson
889,Flight,203,50,Red
890,Crimes of Passion,161,95,Fuscia
891,Bachelor Party Vegas,697,16,Crimson
892,Silent Light (Stellet licht),92,77,Orange
893,Late Night Shopping,466,84,Orange
894,Asoka (Ashoka the Great),162,13,Red
895,I Origins,216,95,Teal
896,All About Lola (Ce que je sais de Lola) (Lo que sé de Lola),496,29,Turquoise
897,"Better Place, A",368,66,Crimson
898,The Tunnel of Love,404,55,Red
899,Seopyeonje,523,31,Crimson
900,We're No Angels,519,87,Purple
901,"Le printemps, l'automne et l'amour",860,94,Violet
902,Caterina in the Big City (Caterina va in città),548,93,Puce
903,One Way Passage,699,82,Teal
904,Bertie and Elizabeth,202,88,Blue
905,"Legend of 1900, The (a.k.a. The Legend of the Pianist on the Ocean) (Leggenda del pianista sull'oceano)",452,95,Fuscia
906,All the Mornings of the World (Tous les matins du monde),106,24,Puce
907,Cardcaptor Sakura: The Sealed Card,403,65,Teal
908,Ikiru,771,33,Violet
909,Fidel,651,27,Teal
910,Shades of Fern (Stín kapradiny),69,1,Mauv
911,"Order, The",442,26,Puce
912,Anne of Green Gables,962,80,Turquoise
913,Rent,234,39,Khaki
914,Genghis Blues,394,32,Aquamarine
915,Von Ryan's Express,461,52,Fuscia
916,"Good Night to Die, A",432,94,Green
917,"Unearthly, The",181,56,Red
918,Mercy,597,41,Maroon
919,Free Samples,434,20,Crimson
920,"Babymakers, The",796,2,Aquamarine
921,"Californie, La",292,80,Orange
922,"Mother and the Whore, The (Maman et la putain, La)",595,84,Violet
923,Springsteen & I,62,76,Puce
924,Zodiac,819,61,Maroon
925,Exorcismus,634,39,Orange
926,Fever,59,66,Pink
927,"Sheik, The",256,23,Teal
928,Murder by Death,264,92,Aquamarine
929,Telstar: The Joe Meek Story,283,39,Puce
930,G.O.R.A.,52,7,Maroon
931,Thief of Damascus,15,65,Indigo
932,"Last Castle, The",511,90,Green
933,Dillinger Is Dead (Dillinger è morto),901,6,Crimson
934,"Human Tornado, The",683,46,Purple
935,Babylon 5: The Legend of the Rangers: To Live and Die in Starlight,41,70,Indigo
936,"Clay Bird, The (Matir moina)",625,49,Goldenrod
937,Rosvo Roope,565,21,Yellow
938,9to5: Days in Porn (a.k.a. 9 to 5: Days in Porn),309,67,Yellow
939,Where Do We Go Now?,369,39,Goldenrod
940,Leila,31,99,Red
941,Honey (Miele),631,74,Green
942,Massacre Canyon,765,93,Fuscia
943,Preaching to the Perverted,636,86,Mauv
944,Blood Games ,824,91,Mauv
945,Outside Satan (Hors Satan),598,55,Khaki
946,Beneath the Rooftops of Paris (Sous les toits de Paris),240,13,Fuscia
947,Descent,221,73,Maroon
948,Three Ages,673,29,Teal
949,"Secrets, The (Sodot, Ha-)",845,88,Blue
950,Coyote Ugly,717,90,Mauv
951,Wild Love,191,27,Aquamarine
952,"Mourning Forest, The (Mogari no mori)",811,76,Goldenrod
953,Invisible Agent,438,56,Maroon
954,Hannah and Her Sisters,985,24,Turquoise
955,Tie Me Up! Tie Me Down! (¡Átame!),378,62,Teal
956,Dragon Ball Z: Battle of Gods,587,16,Purple
957,Heart and Souls,599,25,Fuscia
958,"Human Resources Manager, The",196,83,Teal
959,Surplus: Terrorized Into Being Consumers,14,52,Turquoise
960,"Man I Love, The",189,35,Teal
961,Innocence,562,55,Violet
962,Wimbledon,444,9,Puce
963,Belle époque,887,60,Aquamarine
964,"Suriyothai (a.k.a. Legend of Suriyothai, The)",989,11,Pink
965,My Piece of the Pie (Ma part du gâteau),813,56,Yellow
966,My Mom Is a Character (Minha Mãe é uma Peça: O Filme),681,15,Purple
967,From the Earth to the Moon,491,29,Pink
968,"Legend of Drunken Master, The (Jui kuen II)",975,69,Red
969,"Message, The (a.k.a. Mohammad: Messenger of God)",765,9,Pink
970,"Best Intentions, The (Den goda viljan)",51,63,Blue
971,Where the Boys Are '84,972,53,Red
972,"War Lord, The",341,24,Orange
973,Carmina and Amen (Carmina y amén),833,61,Violet
974,Superdad,62,43,Aquamarine
975,Recoil,301,20,Fuscia
976,Maryam,281,93,Blue
977,Manito,916,97,Goldenrod
978,"Great Lie, The",339,36,Pink
979,Cyborg Girl (Boku no kanojo wa saibôgu),84,18,Teal
980,"Fallen, The",221,43,Violet
981,Terror of Mechagodzilla (Mekagojira no gyakushu),588,26,Green
982,Hell Up in Harlem,931,64,Turquoise
983,Damnation Alley,14,53,Aquamarine
984,"Dark Angel, The",579,2,Pink
985,"Long, Long Trailer, The",965,89,Pink
986,My Fake  Fiance,847,91,Green
987,"Emergency Escape, The (Wyjscie awaryjne)",344,57,Khaki
988,12 Days of Terror,22,55,Turquoise
989,Over the Top,15,49,Purple
990,Secret Ceremony,206,77,Pink
991,American Dreams in China,692,98,Aquamarine
992,"Bourne Ultimatum, The",246,20,Turquoise
993,"Overcoat, The (Il cappotto)",710,84,Crimson
994,Survival Island (Three),153,78,Puce
995,Yo Yo (Yoyo),609,30,Puce
996,A Connecticut Yankee in King Arthur's Court,720,4,Yellow
997,Black Field,212,49,Aquamarine
998,"Paleface, The",745,67,Yellow
999,"Sugarland Express, The",849,39,Blue
1000,If You Love (Jos rakastat),994,65,Mauv
